impression,window_avg_reward
200,0.6214999999999999
400,0.6185
600,0.6495000000000001
800,0.6945
1000,0.652
1200,0.6425
1400,0.564
1600,0.6175
1800,0.6204999999999999
2000,0.67
2200,0.6559999999999999
2400,0.6645
2600,0.659
2800,0.6629999999999999
3000,0.6645
3200,0.7070000000000001
3400,0.6425
3600,0.6975
3800,0.63
4000,0.5985
4200,0.6535
4400,0.6975
4600,0.6204999999999999
4800,0.6865000000000001
5000,0.637
5200,0.6425
5400,0.6535
5600,0.6425
5800,0.5954999999999999
6000,0.6920000000000001
